review,aspect,label
연령상관없이 요즘 너무 인기 있어서 한번 사봤습니다. 도대체 얼마나 좋길래 다들 OO OO 하는지 써보겠습니다. 다만 가격이 비싸서 아쉽고 구성도 더 알찼으면 좋았을 거 같아요.,['가격'],[0]
구매후 3일정도 사용하고 후기 작성하는데요. 최근 들어 탈모가 심해지는것 같아서 탈모샴푸를 알아보게 됐어요. 그동안 그냥 일반샴푸만 사용하다가 탈모샴푸를 처음 써봐서 다른 제품과의 비교는 할 수 없지만 나름대로 느낌점을 써보는데요. 제형이 밀도가 높다는 느낌이 들었어요. 그리고 은은한 민트향이 너무 좋았네요. 앞으로 꾸준히 사용해봐야 효과를 볼 수 있겠지만 짧게나마 느낀점 작성해봅니다.,['향'],[1]
친구랑 같이 기숙사에 사는데 어느 날 친구가 이 향수를 사 왔더라구요?? 향이 어떨지 하고 저도 뿌려봤는데 향이 너무 좋아서 사게 되었어요!! 후기 알려 드릴게요~ 일단 저는 향수를 자주 사용하는 편이라 집에 향수가 많지만 그래도 구매를 하게 되었습니다! 향이 안 좋은 것도 많이 사서 실패도 많이 해서 그런지 이번에는 잘 구매한 것 같습니다!! 일단 이 제품은 향이 강하지 않아서 좋았어요~ 약간 은은하게 남성다운 향이 나서 좋았던 것 같습니다~ 지속력은 생각보다 길지 않아서 자주 뿌리게 되긴 하네요! 그래도 뿌릴 때 마다 기분이 좋아요! 향이 좋거든요 ㅋㅋㅋㅋ 그리고 직접 사시면 아시겠지만 이거 디자인이 아주 물건입니다!! 디자인이 완전 고급스러워 보여요 한 달 정도 사용했는데 너무 좋네요!! 당분간은 이 향수만 쭉 쓸 것 같아요!! 추천 합니다^^,['향'],[1]
써보고 주위 선물 하려고 샀어요. 눈 주위에 바르고 있는데 덜 건조하고 촉촉해요 휴대하기도 편해서 좋아요,['보습'],[1]
택배 잘 받았어요. 처음으로 주문해서 써봤는데 발림성이 부드러워서 좋고 용량이 많아서 오래 쓸 것 같아요. 할인해서 저렴하게 구입했어요. 케이스도 고급스럽고 이쁘네요. 사은품이 없어 아쉽지만 다음에 다른 제품도 써 볼까 합니다.,"['가격', '포장']","[1, 1]"
꼭 써보고 싶었던 제품 드디어 구매했어요.커버력은 기본 광채나는 피부 표현을 원한다면 케이스까지 고급스러운 이제품 강추입니다,"['보습', '포장']","[1, 1]"
다른 회사 제품만 쓰다가 처음 써봤습니다. 세팅력도 좋고 향도 괜찮습니다. 배송 빨랐고 무엇보다 샴푸 사은품도 좋았습니다.,['향'],[1]
좋은 가격에 잘 구매했네요. 발색도 괜찮고 샴푸 린스 구성까지 마음에 들어서 재구매했습니다. 염색은 집에서 잘 안 했는데 쟁여두고 집에서 하려고 샀어요. OOO 구매 추천합니다.,['가격'],[1]
어느새 코로나가 일상이 되어버렸습니다.. 그래서 주위 사람들이 정말 많이 걸렸는데.. 저는 무서워서 이 손 소독제만 사용하고 있어요!! 손 소독이 정말 잘 되어서 추천 드리고 싶네요~ 다른 손 소독제는 향도 안 좋고 바르면 손이 끈적거려 안 좋았는데 이 제품은 향도 좋고 흡수가 빨라 손이 끈적거리지 않습니다!! 게다가 용량도 많아서 듬뿍 오래 사용할 수 있는 것 같아요!! 청량감도 느껴져서 손 소독할 때 시원해서 좋네요~ 유통기한도 길어서 오래 사용할 수 있어 좋은 것 같습니다!! 가격도 저렴하니 얼른 구매하세요!! 인기 제품이라 품절도 그만큼 빨리 되니 품절 되기 전에 구매하시면 좋을 것 같습니다 :),"['보습', '가격', '향', '포장']","[1, 1, 1, 1]"
파우더 많이 구매해봤지만 역시 ㅇㅇㅇ 제품이 좋은거 같아요. 향도 은은하고 보습력도 좋습니다. 만족해요.,"['보습', '향']","[1, 1]"
사이즈가 조금 커서 잘라쓰는 부분이 있는데 대체적으로 디자인이 이뻐서 만족해요. 잘 쓸께요.,['포장'],[0]
제품 좋은 것은 다 아실 거 같아요. 유효기간이 2025년 11월 3일로 길어서 좋습니다. 사은품까지 주셔서 좋았어요.,['포장'],[1]
향 맘에 듭니다. 첫 향때문에 호불호가 갈릴수 있을거 같긴 한데 이제 저는 그 첫 향마저도 좋아요. 늦은 가을 겨울에 쓰기 딱입니다.,['향'],[1]
남자친구가 제일 좋아하는 향수라고 해서 샀어요. 향이 은은하고 좋습니다. 지속력은 살짝 아쉬워요. 다음에도 사러 올게요.,['향'],[1]
이 브랜드 다들 아시잖아요. 바디 스프레이 쓰다가 향수도 구매했어요. 너무 마음에 듭니다. 여름에 사용하기 좋을 것 같습니다. 향이 강해서 좋고 지속력도 좋아서 이 제품 구매 추천 드려요.,['향'],[1]
발림성도 좋아요. 손등에 살짝 바르고 잠시 후에 손으로 문질렀는데 잘 번지지 않아요. 용량이 작아서 빨리 없어지네요. 재구매할 것 같긴해요.,['포장'],[0]
딸이 사용해요 향이 좋고 머릿결도 부드럽고 걍 좋다고 하네요 사실 탈모예방샴푸는 아니어서 두피에는 탈모예방 샴푸를 따로 사용하고 있답니다,['향'],[1]
아이들도 같이 쓸 수 있어서 좋고 거기다 아빠 엄마도 슥슥 바릅니다 발림성이 좋고 향도 없어서 좋구요 저희 가족한테 잘 맞는 것 같아요 한겨울 초건조할때도 사계절용으로 만족하며 쓰고 있습니다,['향'],[1]
입점 기념으로 좋은 가격에 포인트까지 써서 더 저렴히 잘 구매했네요. 용량도 많지 않고 적당하고 향도 상큼하니 좋아요~,"['가격', '향', '포장']","[1, 1, 1]"
항상 사용하는 제품이라 믿고 구매했습니다. 유통기한도 넉넉하고 무엇보다 할인 행사중이라 오프라인보다 더 저렴하게 구매해서 만족해요. 많이 파시길 바랍니다.,"['가격', '포장']","[1, 1]"
일단 향은 없고 동영상 속에서는 좀 많이 짜서 바로 안스며드는것처럼 나왔는데 잘 스며들고 촉촉하고 좋습니다. 제가 손에 습진이 엄청 심한데 이거 계속 바르니 부드러워지고 좋습니다.,"['보습', '향']","[1, 1]"
땀이 많이 나서 냄새가 신경쓰여서 구매했습니다. 이 제품은 산뜻하면서도 가벼워요. 손에 묻어나지 않고 잘 발리고 땀 냄새 제거에도 효과가 좋아요. 부담없이 쓰기 좋은 제품입니다.,['보습'],[1]
C밤사용해보구 편하고 피부도 밝아진거 같아 멀티밤도 구매해봅니다. 가격도 좋고 효과기대되네요. 감사합니다,['가격'],[1]
마스크도좋지만 사은품으로온 크림도 수면팩으로 사용했더니 촉촉하게좋습니다,['보습'],[1]
안녕하세요~ 저의 최애템이 될 것 같은 ㅇㅇㅇ ㅇㅇ 쿠션 파운데이션을 들고 와봤어용~ 사실 전에 ㅇㅇㅇ에서 다른 파운데이션을 샀다가 크게 실망을 했었는데… 이 쿠션은 평이 좋아서 한번 구매해 보았습니다ㅎㅎ 일단 글로우 쿠션이고요~ 바를 때 촉촉하면서도 광이 올라오는 게 피부가 되게 좋아보이더라구요ㅎㅎ 촉촉한데 지속력도 꽤 높은 편이에요! 그런데 커버력이 많이 높은 편은 아니라 이런 점 참고해 주세요! 저는 여러모로 매우 만족하면서 사용 중인 제품이네요ㅎㅎ,['보습'],[1]
여름 필수품이고 타 제품은 이상하게 가려울 때도 있는데 OOO는 가려움도 없고 겨드랑이가 뽀송하게 지속되어 만족합니다.,['보습'],[1]
직장인분들 어떤 향수 쓰실지 고민이 참 많으시죠? 너무 과한 향을 뿌리고 가면 직원 눈치 보이고... 그렇다고 너무 은은하면 티도 안나고... 그럴때 저는 이 향수 과감하게 추천 드리고 싶어요!!! 저는 30대 직장인입니다!! 직장 생활 하시면 공감 가시겠지만 오랫동안 회사에 있기에.. 향수를 뿌리고 가는 게 좋습니다!! 어떤 향수를 뿌려야 될 지.. 고민이 많으실 거에요~ 이 향수는 향이 엄청 묵직하지 않고 가볍게 은은해서 좋은 것 같아요! 그렇다고 지속력이 짧은 것도 아니라~ 향수 디자인도 고급스럽고 양도 많아서 오래 사용할 수 있어요! 저는 유통기한도 긴 제품이 와서 너무 좋았답니다! 직장인 분들이 사용하시면 딱일 것 같습니다!! 기회가 되신 다면 이 향수 꼭 써보세요~ 저는 주위 직원들이 항상 향이 좋다고 칭찬을 많이 해줍니다~^^,"['향', '포장']","[1, 1]"
제형이 부드러운데 끈적임도있고 건조하진않아서 바릅니다 끝부분이 아깝고 바르기불편해오,"['보습', '포장']","[1, 0]"
시향 못해 봤는데 OOO이 유명한 제품이라 믿고 구입했어요. 향이 고급스럽기 보다는 익숙한 남자 스킨향이 느껴지네요. 무겁고 중후한 향이길 기대했는데 기대한 만큼 아쉬움이 크게 다가오네요.,['향'],[0]
아침에 머리 감고 저녁 되면 머리카락에 기름기가 올라오는데 이걸로 샴푸하고 나니 기름기가 줄어들어서 괜찮습니다. 향은 좀 진하지만 추천해드립니다.,['향'],[0]
세팅력은 없으나 바르면 머리결이 한결 부드러워져요. 양도 많아서 오래 쓸 것 같아요. 배송은 완전 빠르네요.,['포장'],[1]
다른 사이트나 일반 매장은 비싸서 구매하기 망설였어요. 그런데 OO쇼핑에서 타사이트보다 가격도 저렴하고 제품도 괜찮은 거 같아서 주문했습니다. 다음에 또 필요하면 재구매할 의사 있습니다. 다만 가격이 좀 더 내려갔으면 좋겠어요.,['가격'],[0]
살짝 뿌리면 특유의 머스크향 좋습니다. 잔향은 파우더리한 비누향이네요. 그런데 향이 진해서 많이 뿌리면 주변 사람들에게 민폐예요. 겨울에 사용하기 좋은 향수고 달달한 플로랄 계열 향수와 믹스해서 써도 좋습니다.,['향'],[1]
홈쇼핑 광고에서도 정말 많이 하고 많은 분들이 궁금해하셨던 바로 그 제품 사용 후기 가져왔습니다. 저도 구매를 직접 해서 써 봤는데 좋은 점이 없는 것 같아서 알려드리고 싶었어요... 단점이 너무 많은 제품이라.. 무슨 말부터 시작을 해야 될 지 모르겠습니다. 일단 이 제품을 사게 된 계기는 홈쇼핑 광고를 보고 샀어요. 구성이 너무 좋아서 구매를 했습니다. 배송은 빨리 왔고 오자 마자 기대를 가지고 사용하게 되었어요. 하지만 하는 내내 풍기는 이상한 냄새에 머리가 아팠습니다. 두피에 자극도 있어서 지금 너무 가려운 것 같습니다...ㅠㅠ 약을 먹어도 가려움이 없어지지 않네요. 염색제 색상도 마음에 들지 않았고 발색도 너무 어둡게 나온 것 같습니다. 결론은 저는 추천하고 싶지 않은 제품이네요~ 다른 염색약 사용하시는 것이 더 좋을 것 같다는 게 제 결론입니다..!!,['향'],[0]
갖고 싶은 내마음을 알고 남편이 선물해줬어요. 발림이 부드럽고 촉촉하며 향이 좋네요. 예뻐져서 남편에게 자랑해야죠,"['보습', '향']","[1, 1]"
순하고 촉촉해서 머리부터 발끝까지 매일 사용하고 있습니다. 얼굴에 유분기가 조금이라도 과하다 싶으면 뭐가 났었는데 이 제품은 덧발라도 잘 스며들어 좋습니다.,['보습'],[1]
아주 맘에 들어요. 한번 발라도 혈색은 좋아 보여요. 주름에 효과가 있는지는 더 써봐야 될 것 같습니다.,['보습'],[1]
평이 좋아서 구매해 봤어요. 시트 스티커가 넘 강력해서 사용하기 불편하지만 땀 많이 흘리는데 시원하고 좋아요.,['보습'],[1]
눈가가 건조하게 느껴져 OO를 구입했습니다. 상품구성이 좋아 엄마에게도 한개 드렸더니 요즘 엄마친구들도 모두 가지고 다닌다고 엄마도 가지고 싶었다고 너무 좋아하시더라구요. 진작 말씀을 하시지 ...ㅠㅠ 눈가와 목에 부드럽게 촉촉히 발라진다고 좋아하시네요 아침까지 촉촉함이 유지된다고 하시네요. 멀티밤사이즈도 작아서 한개는 가방에 넣어다니며 얼굴 당길때 편하게 바르신다고 하고 한개는 거실에 두고 수시로 바르신다고 합니다. 열심히 바르셔서 다쓰면 또 구입해 드려야 할것 같아요 ^^~,['보습'],[1]
ㅇㅇㅇ 크림 항상 구매해서 애용하는 제품이에요. 민감한 피부에도 자극없이 사용하기 좋고 발림성도 좋고 촉촉해서 늘 사용하고 있어요.,['보습'],[1]
처음 사용할땐 청량감이 있었는데 한참 쓰니깐 청량감이 없네요. 그리고 머리카락이 뻣뻣해져서 오일을 발라야 해요,['보습'],[1]
향도 좋고 사용시 청량감 있습니다.,"['보습', '향']","[1, 1]"
걱정했었는데 리뉴얼 전 버전이랑 큰 차이는 없는 것 같습니다. 향이 좀 달라져서 아쉽네요. 제형이 덜 묽은 것 같지만 그래도 잘 발리네요. 배송도 포장도 다 좋았습니다.,['향'],[0]
탄력크림은 한방 냄새가 안 나서 좋아요. 피부가 촉촉하면서도 탱탱하게 보여요. 피부톤 까지 밝아 보입니다.,"['보습', '향']","[1, 1]"
색감이 화사하고 발림성이 좋습니다. 묻어나지 않는 건 좋은데 좀 건조한 느낌은 있어요. 잘 안 발려서 붓자국도 나요. 하지만 가볍게 몇 번 두드리면 괜찮아집니다.,['보습'],[0]
가게에서 사용하려고 샀는데 좋은 가격에 충분한 양입니다. 비싼 타사 제품 쓰다가 바꿔 보는데 사용해 보니 상쾌하네요.,"['보습', '가격', '포장']","[1, 1, 1]"
향기도 좋고 상쾌하고 한번도 안 쓴 사람 있어도 한번만 쓴 사람 없는 제품 같네요.,"['보습', '향']","[1, 1]"
팩이 많이 나오는데 항상 여성용 팩을 사용하다가 남자팩도 있다고 해서 바로 구매해서 써봤습니다 처음 써봤을 때 향이 별로 안 나서 꽤 괜찮은 느낌이 났습니다 그리고 제가 시간을 까먹고 꽤 오랜 시간을 두고 붙여놨는데도 피부가 촉촉 하더라구요~ 제 피부에는 촉촉함이 많으면 되게 과해서 오히려 트러블이 올라올 때도 있는데 이 제품은 남성 전용이라서 그런지 딱 적당한 촉촉함이 있더라구요~~ 남성제품은 살짝 아쉬움이 있을때가 많았었는데 이제 남성전용 제품은 믿고 써볼려고요!!! 재구매 합니다~~,"['보습', '향']","[1, 1]"
애용하는 ㅇㅇㅇ 파우더입니다. 화장 마지막에 항상 사용하는 제품입니다. 그 전의 화장품을 무엇을 사용하던 마지막 마무리로 사용합니다. 마지막에 사용하면 얼굴톤을 밝게 합니다. 끈적임을 사라지게 하고 피부가 환해져서 자신감을 갖게 합니다.,['보습'],[1]
나이가 들수록 거칠어지고 칙칙해지는 피부에 커버력이 일단 좋은거 같고 다른쿠션을 쓸때는 땀흘리고 다시바르면겉돌았는데 피부에 잘스며들어서 굉장히 좋습니다 아침에 바르고 퇴근할때까지 한두번 두드려주면 퇴근할때도 피부가 화사하네요~^^~,['보습'],[1]
평소에 뿌리는 헤어에센스를 사용하다가 좀 더 영양을 주려고 오일 제형의 에센스를 한 번 구입해봤어요. 제가 머리숱이 좀 많은 편이다보니 어떤 헤어제품이나 한 번에 많은 용량을 써야하는데 이 제품은 특히 한 번 펌핑에 굉장히 양이 작게 나오네요. 한 번에 10번 이상 펌핑하는 것 같아서 불편해요. 좀 많이 나오면 편할텐데요. 오일치고는 많이 끈적하지 않아서 머리에 바를 때는 좋았어요. 별로 잔여감도 없고 그건 점수를 줄 수 있을 것 같아요. 다만 그냥 바를 때만 좋고 뭔가 발라서 머릿결이 개선이 된다든가 하는건 기대하기 어려울 것같아요. 1+1 세일을 한다면 모를까 정가로 구매하기엔 좀 아까울 것 같아요.,"['가격', '포장']","[0, 0]"
기존에 쓰던 올인원 제품으로 동일하게 사용할까 하다가 바꾸어 구매해 보았습니다. 큰 차이는 아니지만 보습도 무난하고 사용감이 좋습니다. 기존 제품도 현재 인터넷에 너무 저렴하게 판매하고 있는데 왠지 너무 가격이 저렴한 것도 이상하여 바꾸어 보았어요. 향이 약해서 아쉽습니다. 그래도 가성비는 만족합니다. 2개 구매해서 욕실에 하나씩 두고 사용하고 있습니다. 재구매 의사 있습니다.,"['보습', '가격', '향']","[1, 1, 0]"
상품 품질이 좋아요. 마음에 듭니다. 요즘 건조했는데 바르려고 샀습니다. 넓은 부위에 바르기는 답답하지만 발뒤꿈치나 손에 사용하면 좋습니다. 시중보다 훨씬 싸게 샀습니다. 두고두고 사용합니다.,['가격'],[1]
일단 제형은 엄청 뻑뻑하지도 묽지도 않고 보통인데. 복합성피부라 두껍지않게 바르라고해서 가볍게 발라보니 잘 발리네요. 이거 하나 바르고 있었는데도 화장했냐고 물어볼정도로 미백효과도 있습니다. 바른 후 얼굴을 만져보면 겨울철 크림을 엄청많이 바른것처럼 보습도 되었네요. 시카크림이니만큼 피부 트러블에도 진정효과가 있을거라고 생각되네요.,['보습'],[1]
홈쇼핑에서 구매 했는데 다른 곳보다 비싼 가격에 양은 적어 금방 쓰게 되네요. 건조한 피부에 촉촉하지 않고 건조한 느낌이 아쉽네요.,"['보습', '가격', '포장']","[0, 0, 0]"
가격이 비싸요. 뽀송하고 상쾌한데 좀 비쌉니다. 지성피부에는 정말 잘 맞습니다. 리필만 판매하면 좋겠습니다. 아쉬움이 남네요,"['보습', '가격']","[1, 0]"
일반 가게에서 염색약 하나에 만원주고 샀는데 인터넷에서 사니까 저렴하게 한개반 가격에 3개나 샀어요. 새치 염색할때 쓰려고 샀는데 새치커버는 별로 안되네요. 엄마는 사용해보고 좋다고 하시는데 저랑은 안맞는 것 같아요.,['가격'],[1]
남편에게 선물했는데 좋다고 합니다. 잔향이 오래가고 그냥 편하게 막뿌리기 좋은거 같습니다. 향이 진한 편이고 지속력도 좋은거 같습니다. 용기도 심플하고 디자인이 고급진 느낌이에요.,"['향', '포장']","[1, 1]"
온가족사용해도 된다는멘트에 아이들로션도 다떨어지고 저도 갑자기 피부가뒤집어져 스트레스받고있던찰라 구매했어요!!어제밤 체험분 바르고 잤는데 아침에 10살딸아이 세수하고 거울보더니 엄마얼굴이왜이리뽀애??그러네요ㅎ망설임없이 본품스킨로션크림다뜯었네요ㅎ스킨로션 향도좋고끈적임없이 산뜻하고좋아요 크림은 번들거려서 낮에살짝만발라야될듯!!밤에 듬뿍바르고자면 아침에 매끈하니 참좋은것같아요,"['보습', '향']","[1, 1]"
처음 사보는데요. 값이 생각보다 비싸네요. 제형이 반죽할 때 좀 덩어리가져서 잘 안풀려요.,['가격'],[0]
상품 품질이 좋네요. OO제품은 믿고 구매합니다. 이번에도 마음에 드네요. 크림 제형이 밀도가 높아서 속까지 촉촉해지는 느낌입니다.,['보습'],[1]
한번 써 보았는데 윤기가 나는건 확실하네요 흡수가 다 된건지 금방 없어지기는 했지만요 피부톤을 밝게 해주거나 그러지는 않네요 일단 써보고 효과 좋으면 더 쓰지요,['보습'],[1]
가격이 비싼편이네요. 처음 바르면 알콜냄새가 살짝 올라와서 별로예요.,"['가격', '향']","[0, 0]"
트러블이 많은 피부라 예민한 피부인데 친구꺼 써보고 좋아서 바로 구매했네요 사은품 미니 용량도 주시고 밤에는 듬뿍 낮에는 적당히 촉촉하게 발라요.,['보습'],[1]
샴푸의 사용감은 정말 최고인 것 같습니다. 모발이 튼튼해지는 느낌이 있어 머리 감는 것에 대한 부담이 많이 적은 것 같고 머리카락 빠지는 정도도 많이 줄어든 것 같아 다음에 다시 재구매 의향 있는 샴푸네요. 샴푸를 사용하고 나면 화장실의 향기도 상큼한 냄새로 가득 차서 기분이 좋은 샴푸네요. 모든 것이 좋고 마음에 드는데 딱 한 가지 더 바람이 있다면 용기가 잘 쓰러져서 자주 짜증이 나곤 하는데 용기의 아랫부분을 더 넓게 해서 다시 만들어 주시면 좋을 것 같습니다. 남편도 사용해보고는 머릿결이 부드러워지고 향이 깔끔한 느낌이 나서 좋다고 하네요. 머리 감을 때 빠지는 머리카락들도 조금 줄어든 것 같습니다. 심지어 머리를 감고 방에 들어가거나 하면 손자들도 하나같이 깨끗한 냄새가 난다며 좋아하네요. 좋은 샴푸를 만들어 소비자들이 기분 좋게 쓰게 해 주신 회사에 진심으로 감사를 드려요.,"['향', '포장']","[1, 0]"
향도좋고 끈적거림없고 너무좋아요,['향'],[1]
저는 바디크림 살때 성분도 성분이지만 향을 되게 따지고 구매하는데 이 제품은 향을 맡고 나서 너무 제 취향이라 구매했습니다. 잔향이 오래가지는 않지만 허니 머스크 향으로 달달하면서도 시원해서 기분이 좋더라고요. 게다가 바르면 촉촉하고 보습력도 뛰어나서 건조했던 제 피부들이 많이 괜찮아졌고 가렵거나 하지 않았습니다. 용량도 넉넉하고 가격도 착하고 유통기한도 길어서 안심하고 잘 쓰고 있습니다. 요번에 처음 쓰게 된 OOO 샤워크림인데 너무 만족하고 있어서 앞으로도 계속 사용할 거 같습니다. 추천드려요.,"['보습', '가격', '향', '포장']","[1, 1, 1, 1]"
꾸준히 사용중인 올인원이에요. 여름에도 겨울에도ㅇㅇㅇ제품 사용합니다. 향기도 은은하고 자극 없어서 좋아요.,['향'],[1]
크림 양이 적어요. 제품은 좋다고 하셨어요. 얼굴에서 광이나서 좋아요.,"['보습', '포장']","[1, 0]"
ㅇㅇㅇ로션을 구매했어요. 촉촉하고 좋습니다. 작은 샘플도 하나 못 받았는데 지금 사면 주네요. 작은 사이즈도 구매하려다가 큰것만 샀는데 아쉬워요. 이번 겨울에 촉촉하게 잘 바를수 있어 좋습니다.,['보습'],[1]
유통기한이 짧은 제품이 와서 아쉽습니다. 정품은 속 뚜껑을 열 때 스티커가 있다고 하는데 이 제품은 없습니다. 팩트 테두리가 말라서 갈라져 있어 품질이 불량입니다. 자세한 후기는 사용해보고 다시 올리겠습니다.,['포장'],[0]
쿠폰 적용을 못해서 비싸게 구매했어요. 그런데 염색해보니 색감이 잘 나오지 않아서 별로예요.,['가격'],[0]
와이프 선물로 구매했어요. 와이프가 발라보니 얼굴이 당긴다고 하네요. 용량도 작은데 촉촉하지도 않고 비싸서 만족스럽지 않네요.,"['보습', '가격', '포장']","[0, 0, 0]"
한동안 겨울이 오나 했더니 갑자기 봄이라도 온건지 날이 따스해졌어요 피부 고민도 한결 더해지는 요즘입니다 피부적응기가 팔요한것 같기는 해요 . 처음 발랐을 때 살짝 가려움이 있긴 했지만 뽀루지가 나는건 아니구요 버터같은 제형이다 피부에 문지르면 사르륵 녹아 잘 펴발라지는 신기한 제형입니다. 가볍지 않고 좀 무겁게 느껴지지만 성분이 좋다니 꾸준히 바르고 있습니다~ 촉촉한 느낌 이 오래기는건 좋은 거같은데 주름이나 탄력은 잘모르겠어요. 민감성인데 트러블없이 좋아요.바르면 싹 흡수되고 매트한느낌인데 다음날 세수할땐 엄청 미끈 거리더라구요 그리고 성분 중에 쉐어버터가 있는데 예민한 분들은 트러블이 생길 수도 있다니 주의해야겠습니다. 건성 피부에 추천할만한 크림인 것 같아요 추운 날씨에 다들 감기 조심하세요,['보습'],[1]
정말 좋은 남자 향수를 발견해서 여러분에게 알려드리려고 밥도 안 먹고 글을 작성 하고 있습니다!!! 얼마나 좋은 제품이길래 이러는지 궁금하시죠? 바로 리뷰 시작하도록 할게요~!!! 남자 친구가 향수를 자주 쓰는 사람이라 그의 집에 가면 정말 향수가 종류 별로 많아요!! 최근에 갔을 때 자기가 쓰는 여름 향수라면서 하나씩 소개를 해줬는데 이 제품 향을 맡아보니 너무 좋아서 놀랐어요! 여자인 제가 맡아도 좋은 향이라 제가 쓰고 싶었습니다ㅎㅎ 이후에 남자 친구한테 당분간은 이 제품만 쓰라고 했어요^^ 집에 와서도 계속 생각이 나서 아버지 선물로 드리려고 주문 했습니다~ 아버지께서도 좋아 하시면 참 좋을 것 같습니다 ㅎㅎ 남자 향수로 추천 드려요! 향이 정말 좋은 제품이네요~ 아직 모르시는 분들은 가격도 저렴한 편이니 주문해서 사용하시면 좋을 것 같습니다^^,"['가격', '향']","[1, 1]"
피부에도 팔에도 저는 바르는데 너무 촉촉합니다. 제형이 리치하지만 유분기가 많지 않아서 건성 복합성 피부에도 좋습니다. 크림보다는 제형이 가볍습니다. 그래도 겨울에 사용해도 될 정도로 충분히 촉촉합니다.,['보습'],[1]
발림이 좋았고 커버력은 완벽하지 않았지만 얼굴이 화사해 보여 좋았습니다.,['보습'],[1]
계속 쓰고 있는 제품이에요. 바른 듯 안 바른 듯 가벼운 제품이라 메이크업을 해도 밀리지 않습니다. 여름에 사용하기도 적당히 좋은 제품입니다. 유효기한도 넉넉하고 배송도 빠르고 좋습니다.,['포장'],[1]
햇빛 알레르기가 목과 팔에 심해 햇빛에 나갈 때는 바르는데 살짝 가려움증이 생기네요. OOO나 OO등 비싼 제품에 비교할 때 가성비가 떨어집니다. 끈적임이 많고 무엇보다 자외선차단 잘 되지 않네요. 요즘같이 마스크 쓸 때 색이 묻어나니 신경쓰입니다.,['가격'],[0]
양이 넉넉해서 오래 쓸 수 있을 거 같고 저렴해서 구매했어요. 올인원이라 건조하지 않을까 걱정했는데 생각했던 대로 촉촉하지 않네요. 향도 별로고요. 톤업 효과도 없고 진정 효과도 없는 거 같아요.,"['보습', '가격', '향', '포장']","[0, 1, 0, 1]"
얼굴 뿐만 아니라 팔에도 바르기 편하고 크기가 커서 좋아요~! 엄마랑 동생한테도 하나씩 선물했는데 다들 빅쿠션 크기에 깜놀 발랐을때 쿨링감도 있고 끈적이지 않아서 강추합니다~~,"['보습', '포장']","[1, 1]"
아이 여드름 때문에 구매 했는데 생각보다 제형이 부드럽고 산뜻하게 닦여서 좋습니다. 저도 가끔 사용하고 있습니다. 세안하고 나면 피부가 부드러워 지는 것 같습니다. 할인해서 저렴히 잘 구매 해서 좋습니다.,"['보습', '가격']","[1, 1]"
이전에 비비만 사서 바르다가 주변 언니가 너무 추천하는김에 세트를 저렴한 가격에 주문했네요 너무 촉촉하게 잘 발리고 일단 커서 너무 좋아요 몇번만 톡톡해두 다 바름 ㅋㅋ어제는 쿠션만 발랐는데 지성이라 조금 번들거리는 느낌있어서 오늘엔 구성품 비비랑 섞어서 발라볼 예정임~^^ 배송총알에 좋은 제품까지 재구매 의사 또있어요~^^,"['보습', '가격', '포장']","[1, 1, 1]"
배송 빠르게 왔어요. OOO OO 올인원 안티에이징 상품을 구매했는데 올인원이라 여러가지 제품을 따로 바르지 않아서 좋아요. 아침 저녁으로 바르기에는 용량이 좀 작은 것 같네요.,['포장'],[0]
유통기한도 2023년 1월까지로 넉넉합니다. 림밤 많이 쓰니까 걍 워낙 유명한 제품이고 ㅇㅇ 같은데 가면 쉽게 볼수 있는 브랜드라서 익숙해요. 용량은 4g으로 사실 엄청 적은양인데 립제품 4g른 꽤나 많은 양이네요. 제조국 Made in Franec 뚜껑을 열면 흰둥한 제형의 립밤이 들어 있어요. 사선형태로 되어 있어서 바르기 편합니다.,['포장'],[1]
향은 독하지 않습니다. 연한 비누냄새 같아서 좋아요. 발림도 괜찮습니다. 대용량이라 만족합니다. 무엇보다 끈적거리지 않아서 아주 좋네요.,['포장'],[1]
안녕하세요~^^ 오늘 소개 해드리고 싶은 제품은 선크림입니다!! 이제 더운 여름이 되어 선크림 찾으시는 분들 참 많으실 것 같아서 제가 써보고 좋았던 제품을 가져왔으니 후기가 구매에 도움이 되셨으면 참 좋을 것 같습니다 :) 일단 이 제품은 선크림 중에서 제일 발림성이 좋은 것 같아요~ 이전에 타사 브랜드 제품 썼을 때는 너무 뻑뻑해서 잘 안 발려서 바를 때부터 기분이 좋지만은 않았습니다... 또한 굉장히 촉촉해서 깜짝 놀랐어요!! 선크림인데 보습력이 정말 뛰어난 제품인 것 같습니다..!! 이거 바르고 출근 하고 들어오면 자외선 지수 심한 날에도 자외선 차단을 잘 해주는 것 같아 아주 만족하면서 사용하고 있답니다~ 선크림 찾으시면 이 제품 추천 드릴게요!! 오늘 소개 해드린 선크림 제품 어떠신가요? 저는 이 제품 꼭꼭 추천 해드리고 싶습니다 :),['보습'],[1]
여름에는 괜찮고 겨울 바디용으로 수분감이 좀 부족한 제품입니다. 겨울이면 몸이 건조하고 각질이 일어나서 바디 제품 꼭 발라야 하는 피부입니다. 제가 새로운 제품을 좋아해서 안 써본 제품이라 이 제품으로 주문하게 되었어요. 택배 받고 바로 사용했어요. 처음 발랐을 때만 촉촉한 느낌이었고 금방 건조함이 느껴집니다. 겨울에 쓰기에는 수분감이 부족한 제품인 것 같아요. 여름에는 바르기 괜찮을 듯하네요. 마음에 들었으면 좋았을 텐데... 겨울용으로 구입한 저는 이 제품 추가 주문은 안 할 생각입니다.,['보습'],[0]
여름은 모공이 축축 늘어지는 계절이죠 모공관리에는 모공팩이 개인적으로는 제일 효과적이었는데요 요 모공팩은 확실히 피지를 제거해주면서 모공 관리가 됩니다. 일단 번들거리는 티존부위에 올리고 한 번 롤리하고 바로 세안하면 뽀송뽀송해져요 저희 아이가 사춘기라 유분이 많기도 하지만 여드름도 있어서 여드름 기초 이외에도 모공팩도 같이 해주니까 확실히 좋더라구요 시원한 느낌이라 모공 조여지는 느낌이고 아무래도 겨울보다는 여름에 딱 좋은 제품입니다. 여름에 꼭 필요한 모공팩 리뷰였습니다.,['보습'],[1]
새로 한번 써보려고 구매했는데요. 팩이 별로네요. 피부결도 개선이 없고 별 효과가 없어요. 다른 팩보다 보습효과가 그렇게 좋은지도 모르겠어요. 가격도 그렇게 저렴하지 않네요.,"['보습', '가격']","[0, 0]"
클렌징 오일은 ㅇㅇㅇ만한게 없네요. 고가제품도 다 써봤지만 가성비는 말할것도 없고 무엇보다 클렌징이 잘된다는게 좋아요. 다른 제품 쓰다가도 다시 돌아오게 됩니다.,['가격'],[1]
향이 은은하고 좋아하는 향수라서 또 다시 구매했어요. 포장도 예쁘게 해서 보내 주셨어요. 다른 향으로 사용했었는데 코로나로 인해 면세품 구매가 힘들어 이걸로 바꿔 사용하게 되었어요. 가성비 좋고 주위 사람들이 향이 좋다고 해서 꾸준히 사용하고 있어요. 배송도 빠르고 포장도 이뻐요.,"['가격', '향']","[1, 1]"
멀티밤 - 자기전에 한번 사용해봤는데 되게 촉촉해서 다음날까지도 조금 남아있는 정도입니다 당기지않아서 좋았어요! 아쿠아밤-자외선차단기능이라 일상생활할때 사용중인데 멀티밤과 다르게 바르면 뽀송하게 마무리되는 타입이예요! 멀티보다는 조금 수분감이 떨어진 느낌이라 덧바르고있습니다! 상황에따라 골라서 사용하면 효과가 좋을것같아요!,['보습'],[1]
예전에는 가격이 괜찮았는데 지금은 가격이 너무 비싸네요. 가격이 올라서 이제는 구매 안 할 것 같아요.,['가격'],[0]
지성용이라 뻣뻣할 줄 알았는데 세정력은 좋고 뻣뻣하지 않습니다. 두피에 시원한 느낌도 있어 상쾌해요.,['보습'],[1]
항상 쓰던 제품입니다. 봄과 여름에 사용하기 좋고 여성스러운 향이라 만족해요. 향이 강하지도 너무 약하지도 않아서 좋네요. 20대 중반부터 지금 30대 중반인데 꾸준하게 사용하고 있습니다. 앞으로도 계속 구매하겠습니다.,['향'],[1]
향수 같은 인조 향이라기보다는 자연의 향을 담고 있어서 좋아요. 본디 탈모샴푸 이기 때문에 머리를 다 감고 난 후 린스를 하는 듯한 부드러움은 느껴지지 않아요. 머리에 거품을 몇 분간 나둬 주는 것이 염색효과가 좋네요. 머리를 감고 바로 드라이기를 하니 머릿결이 좋아보이긴하네요. 기술을 이용하여 머리를 감고 있어요.,['향'],[1]
친구가 추천을 해줘서 사용하게 된 팩인데 제가 데일리로 매일 사용하고 있어서 추천 드리고 싶어서 가져왔습니다!! 이 제품이 어디가 좋은지 알려 드릴게요 ㅎㅎ 오랜만에 친구를 만났는데 친구 피부가 너무 좋아 보여서 어떤 제품 사용하냐고 했는데 이 제품을 사용한다고 해서 추천 받고 저도 구매를 하게 되었어요 ㅎㅎ 저도 이제 피부 미인이 될 수 있겠구나 생각이 들어서 정말 기대가 많았죠!! 제품 받고 사용을 했는데 와... 진짜 밀착력도 뛰어나고 붙이고 나면 피부가 확실히 좋아진 게 느껴져요!! 뭐랄까 피부결이 부드럽고 촉촉함이 느껴진다고 해야할까...? 확실히 꾸준하게 사용하니까 이전과 달라진 제 피부에 만족하고 있습니다 어떤 팩 사용하실지 모르시는 분이면 이 제품을 구매 해주시면 좋을 것 같아요!!! 완전 추천 합니다,['보습'],[1]
매번 쓰던 제품입니다. 신랑이 두피가 민감해서 꼭 이 제품만 쓰려고 고집을 하네요. 가격도 타사이트에 비해 저렴하고 적립금도 많아서 좋네요. 용량이 커서 좋네요. 사진 넣기가 쉽지않아요ㅠㅠ,"['가격', '포장']","[1, 1]"
파우치에서 꺼내는 순간 주변의 모든 여자가 알아볼 수 있을 만큼 유명한 제품이죠. OO OOO 립 글로우 사용후기입니다. 저는 진한 색조화장이 안 어울리는 편이라서 립스틱보다는 발색 좋은 립 밤이나 립 글로우를 더 좋아하는데 이 제품이 제 니즈를 딱 충족해 줘요. 색깔 있는 립 밤도 발색이 옅은 립스틱도 정말 많지만 이 제품만큼 딱~ 민낯에 발라도 옅게 화장하고 발라도 어울리는 발색은 아직까지 못 본 것 같아요. 자연스럽게 생기 있는 입술색을 연출해 주고 피부에 촉촉하게 영양 공급까지 해 주니 좋아할 수 밖에요. 예쁜 케이스 덕분에 꺼낼 때마다 기분이 좋은 건 덤이에요. 거짓말 안 보태고 평생 쓰고 싶은 제품이에요. 그냥 강추론 부족하겠어요. 초강추!,"['보습', '포장']","[1, 1]"
늘 쓰던 제품이 품절이라 새로운 제품을 시도해보고 싶어서 구입했어요. 근데 양도 너무 작고 바르고 나면 번짐이 심해 팬다가 되서 안쓰게 되네요. 가격도 싸지 않았는데 괜히 샀어요. 마스카라 솔이 자그마하니 잘 발라집니다. 솔이 큰거는 바를때 묻는데 이 마스카라 솔은 작아서 묻지도 않아서 사용하기 편하네요. 깔끔하게 잘 발라지고 번짐도 없습니다.,"['가격', '포장']","[0, 0]"
자연스럽게 새치 커버가 되서 머리 감을때마다 기분전환이 됩니다. 향도 좋고 세정력도 좋아서 완전 좋습니다. 이런 샴푸가 없는거 같습니다. 너무 강추 하는 샴푸입니다.,['향'],[1]
타사제품21호써서21호로주문했는데 너무밝은거같아23호로 교환신청합니다. 잘먹는편이고 퍼프가커서 화장이빨라좋네요. 단 케이스 문양이 제취향은아니네요.,"['포장', '포장']","[1, 0]"
여드름 좀 가라앉혀 보려고 사용 중입니다. OOO 제품도 사용하면서 비교 중인데 OO는 제형이 거품 타입이라 부드럽고 촉촉하나 세정력이 약하고 OOO는 거품이 잘 일어나고 세정력이 뛰어납니다. 중요한 건 여드름 완화 효과인데 아직까지는 효과를 알 수 없네요. 효과는 더 써봐야 말할 수 있을 것 같습니다.,['보습'],[1]
늘 쟁여두고 사용하고 있어요. 집에 두개가 남아있는데 워낙 구성좋고 가격이 합리적이라서 얼른 구매했어요. 다만 큐어크림단지는 덜어서 사용하기가 좀 불편한점이 있죠. 페추라로 떠서 사용하라고 폐추라를 주시니 위생적이고 다행입니다.,"['가격', '포장']","[1, 0]"
☆ 추천합니다! 손상된 제 머릿결이 완전 부드러워졌답니다. ☆ 다른 제품 쓰다가 대형마트 보다 싸게 팔고 있어서 구입해 봤어요. 극손상 모발이라 새로운 제품이 필요하긴 했을 때였어요. 잦은 파마와 염색으로 손상된 머리에 매일 드라이기와 매직기도 사용하다 보니 극손상 머리가 끊어지고 잘 빗어지지도 않았어요. 이렇게 손상된 모발에 사용한지 3주쯤 되었을 때 머릿결이 많이 부드러워짐을 느낄 수 있었어요. 우연히 구입한 제품인데 저에게 꼭 필요한 제품을 찾아서 너무 좋고 만족스러웠어요. ☆☆ 극손상 모발로 고민하고 계시면 이 제품이 잘 맞으실 듯합니다. 재구매 의사 완전 있습니다. ☆☆,['가격'],[1]
전에 써보고 가격 할인해서 샀어요. 향도 좋고요 주름도 좋아졌습니다,"['가격', '향']","[1, 1]"
괜히 처음부터 대량 구매한 것 같습니다. 제 피부에는 잘 안 맞는지 피부결이 탁하고 거친 느낌이네요. 주위에서 피부 관리해야겠다고 그래요. 꾸준히 믿고 사용하려고 많이 샀는데 후회 되네요.,['보습'],[0]
아직써보지는않았지만가격이나모든면만족해요 한번써고재구매했는데 만족합니다 더저렴하게잘구입한거같네요 사용하고다시재구매하겠습니다~~~ 상품평작성했으니사은품비비랑스펀지보내주세요 감사합니다그런데퍼프4개는따로들어있는게아닌가요?퍼프4개가안온거같은데누락된거가요?확인해보시고퍼프4개도발송해주세요 사은품은언제받을수있나요?,['가격'],[1]
가희 처음써봅니다. 향이 참 좋네요. 전성분에 화학약품이 너무 많아서 민감피부에도 괜찮을지 조금 걱정스러워요. 용량이 작아 스틱이 너무 빨리 닳아서 금방 다 쓸것같아요. 오일은 향이 너무 진해요. 선물용으로 산 터라 상품평 쓰고 2개 더 주는 이벤트 매우 좋습니다. 더 좋은 상품 계속 만들어주세요.,"['향', '포장']","[1, 0]"
피부가 보송보송하고 향도 너무 좋습니다. 땀이 많이 나는 편이라 OO 파우더를 자주 사용하는데 자극 없고 좋습니다. 항상 옆에 두고 사용해요. 어린이용 제품이어서 자극도 없어요. 행사 기간 지나서 가격 할인을 못 받아 아쉬워요.,"['보습', '가격', '향']","[1, 0, 1]"
남편 피부가 지성이라 제품 고를 때 깐깐하게 보고 정하는 편이네요. 유분기가 없어서 좋고 촉촉하고 잘 발리고 끈적거림이 없어 좋다고 합니다. 이 제품 사용해 본 후로는 타 제품은 사용 안 하네요. 꾸준히 잘 사용하고 있어 만족하는 제품이네요.,['보습'],[1]
꾸준히 사용해서 발톱 손톱에 영양을 주고 싶네요. 손발톱에 효과가 있어 튼튼해지면 좋겠습니다. 효과 있으면 재구매 하겠습니다. 발림성 나쁘지 않고 양이 넉넉해서 오래 쓸 수 있을 것 같습니다.,['포장'],[1]
배송 빠르게 도착했습니다. 품질도 만족합니다. 가격도 마트보다 30%는 저렴해서 좋았는데 사용기한이 짧아서 아쉽네요.,"['가격', '포장']","[1, 0]"
항상 사용하는 제품인데 몇 년째 촉촉해서 입술 트지 않고 좋습니다. 보습력이 좋아서 떨어지지 않고 루즈전에 항상 사용하는데 좋습니다.,['보습'],[1]
이 브랜드 바디로션을 30년 넘게 사용하고 있네요. 계속 사용 중이지만 트러블 전혀 없고 건조한 피부를 촉촉하게 만들어주는 최상의 제품이네요. 바를 때 부드러운 발림성이 좋고 흡수도 잘 되고 끈적거림도 거의 없네요. 건성 피부로 고민이신 분이나 아토피로 고생하시는 분께 적극 추천하네요.,['보습'],[1]
오래전부터 쓰는 제품이라 구매했습니다. 리뉴얼 된 후 커버력이 약해진 게 아쉽지만 보습력 좋고 잘 지워지고 피부톤도 밝아 보입니다. 건성 피부에 좋고 파우더 팩트로 마무리하면 피부가 뽀송해집니다.,['보습'],[1]
바를 때 제형이 끈적이고 부드럽게 발리지는 않네요. 피부가 약간 건조해져서 재구매는 생각해봐야겠네요.,['보습'],[0]
며칠 사용을 해봤는데요 모발도 부드럽고 향기는 덤으로 좋습니다. 조금 더 사용해 봐야 얼마나 효과가 좋을지 알겠지만 지금 현재로도 만족합니다. 앞으로도 기대가 됩니다. 꾸준히 사용하겠습니다.,['향'],[1]
OOO은 건성 피부에 아주 좋습니다. 발림성도 좋고 환절기에 필수적인 제품입니다. 자극적이지도 않고 간편하게 데일리용으로 좋네요. 가격도 저렴하게 구입했습니다.,['가격'],[1]
바르고 금방 말라버리는 스킨 로션이 아니에요 촉촉하고 부드럽게 감싸주네요,['보습'],[1]
품질 디자인 가격 배송 전부 마음에 들어요. 케이스 디자인도 취향 저격이고 품질도 괜찮은데 바르고나면 입술에 오일 묻은것 같은 느낌이에요. 개인적으로 그건 별로지만 보습력은 좋습니다. 가격은 할인해서 만족이에요.,"['보습', '가격']","[1, 1]"
끈적이지 않고 사용감이 가볍습니다. 세안 후 깨끗해져서 계속 사용하는 제품이에요. 특별 가격 할인에 적립금 사용해서 저렴하게 샀습니다.,['가격'],[1]
다른 제품보다 쿨링감이 좋습니다. 향이 꽤 많이 나서 좋고 오래 지속 되어 좋습니다. 효과도 굉장히 좋은 것 같아요. 보송해서 좋아요.,"['보습', '향']","[1, 1]"
ㅇㅇ는 가을이나 겨울에 주로 사용하기 좋습니다. 봄이나 여름되면 다시 ㅇㅇㅇ로 바꾸고요. 커버력과 무너짐 때문에 ㅇㅇㅇㅇ만 계속 사용 중인데 저렴하게 구매하게 되서 좋아요. 빨리 배송 된 점도 좋네요.,['가격'],[1]
늘 쓰는 제품인데 무난하고 좋습니다. 가격도 저렴한 편입니다. 발림성이나 보습도 만족입니다.,"['보습', '가격']","[1, 1]"
진짜 많네요 100장 ㅎ 데일리로 쓰기에 부담없고 에센스가 흘러내리지않아서.좋습니다 ㅎ,['포장'],[1]
안녕하세요! 요새 정말 핫한 제품 구매 후기를 알려 드리기 위해 왔습니다!! 이제 제 최애템이 되어 버린 이 제품 후기 바로 시작할게요!! 친구가 소개를 해줘서 구매를 하게 되었는데 사용감이 너무 좋은 것 같아요!! 일단 피부 보정이 정말 잘 되는 것 같아요~ 커버력이 너무 좋아서 제가 모공이 넓은 편인데 이거 바른 날에는 모공이 잘 커버되어 하나도 보이지 않아요!! 지속력도 길어서 아침에 바르면 수정 화장을 안 해도 된다는 점이 정말 인상 깊었습니다!! 당연히 마스크에 묻어나오지도 않아 좋네요!! 추천 드리고 싶은 OOO 파운데이션입니다!! 저는 이 제품에 정착했어요 ㅎㅎ,['보습'],[1]
OOO쿠션? 이거 뭐죠~ 쿠션이 이렇게 커버 잘 되기 있나요?? 모공이 넓고 붉은 흉터가 많아 커버력이 떨어지는 쿠션류는 늘 기피대상이었는데 OOO쿠션 써보곤 쿠션 자체에 대한 인식이 달라졌네요 게다가 촉촉하고 색상명처럼 화사한 피부가 됩니다 만족 대 만족 입니다,['보습'],[1]
빠르게 와서 좋습니다. 가격이 예전보다 조금 오른 듯하네요. 이 제품만 몇 년째 사용 중이네요. 세럼은 이 제품이 제일 좋은 거 같습니다. 향도 제일 좋습니다.,"['가격', '향']","[0, 1]"
처음에 뿌렸을 때는 달콤한 향으로 시작해서 나중에는 묵직하지만 부드러운 느낌의 우디향으로 마무리됩니다. 아무 생각 없이 한번 뿌렸을 뿐인데 몇 번 손을 씻어도 잔향이 그대로 남아있는 것을 보면 지속력이 정말 좋습니다. 남자 향수 이지만 중성적인 향에 가까운 것 같아 좋아요.,['향'],[1]
향수의 잔향을 좋아하는데 이 향수는 지속력이 짧아서 잔향을 맡기 어렵네요. 지속력이 길진 않아서 아쉽네요. 잔향 맡기 전에 향이 금방 사라지네요. 향이 금방 사라져서 자주 뿌리다 보면 용량이 작은 편이라 금방 쓰겠어요.,['포장'],[0]
계속 사용하는 제품입니다. 아침에 바르면 하루 종일 촉촉한 느낌입니다. 피부에 자극이 없어 부담 없이 쓰고 있습니다. 여러가지 제품 추천 받아 써봤지만 ooo이 최고인 듯합니다.,['보습'],[1]
가격이 비싸서 망설었는데 매장에 가서 발라 보고 바로 샀어요. OO색이 가장 마음에 드는 색이고 매트한 마무리가 좋아서 거의 매일 바르고 다닙니다. 지속력도 나쁘지 않고 립스틱은 역시 OOO이네요.,"['보습', '가격']","[1, 0]"
평소에 OO 레몬 순 복숭아 리필 번갈아가면서 구매해서 사용하는 사람이고 코튼향 머스크향 포근함이 느껴지는 향 굉장히 좋아하는 1인이라 매우 기대감에 구매했습니다 일단 그냥 기존라인보다 OOO이라 그런지 왠지 모를 고급스러움은 있습니다 유난히 거품이 크리미하긴 하고 손 세정 후에도 촉촉함이 남아 있어요 ㅎㅎ 근데 향이 은근히 있어서 아이들 있는 집에 같이 사용하시기에는 향이 조금 세게 느껴지실 것 같아요 ! 세정력도 좋고 용량도 500ml라서 기존의 250ml보다 더 오래오래 두고 사용할 수 있을 것 같아요 손 자주 씻는 곳에 놓으시는 거 추천드립니당,"['보습', '향', '포장']","[1, 0, 1]"
부드러운 발림성을 가지고 있긴 하지만 발림성이 좋다보니 흡수까지는 시간이 좀 오래 걸리네요 겉도는 느낌도 들고 보습력이 좋은것도 아니네요. 몇번 덧 발라주는게 보습으로는 효과가 있을거 같습니다.,['보습'],[0]
예전에는 뜯으면 약간 수분이 있었는데 제형이 너무 고체화 되고 양도 줄은 거 같습니다.,['포장'],[0]
가격대비 좋은 상품인 것 같아요. 끈적임도 없고 향도 괜찮습니다. 자극적이지 않아서 만족해요.,"['가격', '향']","[1, 1]"
이 제품 식당이나 병원에 많이 비치 되어 있는 거 보신 적 계시죠? 그만큼 유명한 제품이라 제 후기가 필요할 지는 모르겠지만 혹시라도 모르시는 분들을 위해 작성해봅니다! 손 소독 제품 중에서는 품질이 가장 좋기로 소문난 제품입니다! 일단 성분이 좋아서 손에 자극도 없고 무엇보다 가격이 저렴해서 좋은 제품이에요!! 향도 괜찮고 사은품도 많이 와서 좋은 것 같습니다! 개인적으로 용량이 커서 오래 사용할 수 있는 것이 좋은 것 같습니다!! 지금까지 사용한 손 소독제 중에 제일 좋은 것 같아 추천 드리고 싶습니다!! 코로나가 끝날 때 까지는 계속 이 제품만 사용할 것 같습니다!! 구매 추천 드려요 :),"['가격', '향', '포장']","[1, 1, 1]"
피부에 따갑지 않고 순해서 사용하기 좋습니다. 그러나 건조한 느낌이 있어요. 유분기가 없어서 화장하기 좋으나 발림성은 떨어지네요. 순해서 아이와 함께 발라도 좋고 데일리용으로도 괜찮은 듯 합니다. 물에 들어갔다 나올 때마다 한 번씩 발라줬는데 적당히 타는 게 효과가 괜찮은 듯 합니다.,['보습'],[0]
항상 사용하고 있는 OOO입니다. 향도 진하지 않고 은은해서 좋아해요. 다만 환율이 올라서 그런지 가격이 높습니다.,"['가격', '향']","[0, 1]"
쓰던 다른 제품이 있었는데 저렴하게 나와서 바로 주문했습니다. 케이스도 고급스럽고 커버력도 좋습니다.,"['가격', '포장']","[0, 1]"
오늘 제품을 받고 처음 사용해 봤는데 청소하면서 돌아다녔습니다. 사용 후에 얼굴이 촉촉하지는 않았고 생각보다 제품에 콜라겐 성분이 부족한 것 같습니다.,['보습'],[0]
데일리로 사용하기 좋아요. 케이스 빡빡해서 잘 열리지 않아 사용하기는 좀 불편하네요. 색깔도 예쁘고 발색력도 너무 좋아요.,['포장'],[0]
겨울에 사용하기 좋아 늘 구매하는 핸드크림이에요. 보습력은 이 라인이 좋은 것 같은데 발림성은 노란색 라인이 가장 좋아요. 여름에는 바르기 산뜻하지 않은 것 같고 이 제품은 가을 겨울에 바르기 좋을 것 같아요.,"['보습', '보습']","[1, 0]"
여드름 때문에 사용하는 중입니다. 조금 당기네요. 에센스랑 같이 사용하면 덜 당깁니다. 효과는 더 써봐야 알 것 같아요.,['보습'],[0]
OO멀티밤을 입술 주위에 발라봤는데 보습이 잘 되진 않네요. 미스트도 향이 별로고요. 오일은 번들거려요. 용량도 작아요.,"['보습', '향', '포장']","[0, 0, 0]"
일단 용량이 마음에 들어요. 파우더 제형은 커버력과 뭉침이 거의 없어서 선호해요. 처음 써보는데 기대됩니다.,['포장'],[1]
생각보다 케이스가 커서 깜짝 놀랬어요~~ 커버력도 괜찮구요^^ 잘 사용할것같아요,['포장'],[1]
이제 사용중이라서 효과는 더써보아야 될 듯 하구요. 머리두피가 개운하고 청량감은 있습니다. 지성피부인 아들도 사용하고 좋다고 하네요,['보습'],[1]
이것저것 잘 챙겨바르는 편이 아닌데 이 제품이 한 번에 해결된다고 해서 구매해 봤습니다. 그런데 생각보다 촉촉하지 않네요. 할인 기간을 놓치는 바람에 비싸게 샀는데 가격대비 용량이 작은 거 같아요.,"['보습', '가격', '포장']","[0, 0, 0]"
요즘 기분전환도 할겸 립스틱을 바꾸고 싶어 쇼핑 하다가 우연히 OO OOO 립스틱을 발견했는데요. 립스틱의 디자인이 너무 마음에 들어 구매해봤습니다. 동그랗게 나와있는 부분을 누르면 또깍하며 제품이 튀어나오는 디자인이 좋아요.OO 립스틱은 바를 때 매트해서 그런지 좀 뻑뻑한 감이 있더라고요. 색은 바른듯 안바른듯 자연스럽게 발려 좋네요. 두껍지 않게 발리고 밀착력도 괜찮았습니다. 생얼에 립만 바르시는 분들 화장 진하게 하는 거 싫어하시는 분들에게 잘 맞을 것 같아요.,['보습'],[0]
몇년째 OOO만 사용하고 있어요. 입술이 얇아 립스틱을 바르면 예쁘지 않아서 발색되는 립글로우를 찾다 사용하게 되었어요. 시간이 지나며 색상도 여러가지로 선택하기 좋아졌고 보습 잘 되고 발색력도 좋아 만족합니다. 가격이 비싸 살 때마다 부담스럽지만 이번에는 할인 이벤트에 할인 쿠폰까지 적용 받을 수 있어 저렴하게 구입할 수 있었어요. 앞으로도 계속 사용할 제품입니다. 할인 이벤트 자주 해주세요.,"['보습', '가격']","[1, 0]"
세정력은 좋은데 향긋한 허브 향이 아니고 약품 냄새 같아서 재구매 의사는 없습니다.,['향'],[0]
편하게 사용하시라고 시골에 계신 아빠에게 선물로 보내드렸네요. 발라보니 촉촉하지 않다고 하시네요. 얼굴 땡김도 있고 건조하고 향도 강하다 하십니다.,"['보습', '향']","[0, 0]"
자주 쓰던 제품이어서 구매했고 이벤트 할때 싼가격에 잘 구매했습니다. 겨울에 사용하기 적합해요.보습력이 뛰어난 좋은 제품입니다.,"['보습', '가격']","[1, 1]"
헤어에센스는 늘 이것만 사용해요. 머릿결이 부드럽고 좋아 보여서 만족하네요. 가격도 비싸지 않고 좋습니다.,['가격'],[1]
보습력 발림성 모두 좋습니다. 향도 무난해서 가족 모두 쓰기 적당한 것 같아요. 할인 행사로 저렴하게 구매하게 되었는데 모든 면에서 만족해요. 특히 요즘 같이 건조할 때 부담없이 쓰기 좋습니다. 할인 행사 하면 또 구매할게요.,"['보습', '가격']","[1, 1]"
포장이 정말 잘 되어있습니다. 거품이 부드럽고 향도 좋습니다. 세정력도 좋아요. 잘 쓰겠습니다.,['향'],[1]
진정만 해주네요. 보습은 1도 없습니다. 제형이 묽어서 발림성 좋고 사용감 가볍습니다. 바로 흡수되고 흡수되자마자 말라서 건조합니다. 진정작용은 나름 역할을 하는 것 같습니다.,['보습'],[0]
염색 후 사용하니 한달이상 지속있는 컬러감이 좋습니다. 처음에는 시원했는데 두번째부터는 청량감이 없습니다. 모발은 샴푸만 써서 그런지 정전기가 나서 린스와 같이 사용합니다.,['보습'],[1]
백화점에서 구입하다가 저렴하게 인터넷으로 주문했습니다. 사용하기 편리하고 좋습니다. 아침에 옷에 뿌리고 출근 하면 지속력이 약해서 아주 작은 유리 스프레이 병에 조금 담아 퇴근시에 다시 뿌립니다. 향이 좋아서 다음에도 구입 하려고 해요.,"['가격', '향']","[1, 1]"
주변에서 추천받아 주문해봤는데 유통기한도 짧고 설명서도 없어요. 물건만 보내와서 뒷면에 영어 설명보고 사용해야 할 것 같네요. 샘플도 하나도 없어요.,['포장'],[0]
평소에 머릿결 관리에 관심이 많아 헤어 에센스 제품은 정말 여러 가지를 사서 써봤습니다!! 안 써본 제품이 없는 와중에 이 제품을 알게 되어서 바로 구매해서 써 봤는데 너무 좋아서 여러분들에게 알려드리고자 버선발로 글을 작성하게 되었습니다~!!!! 평소에 쓰던 제품은 바르고 나면 머리카락이 끈적거리고 스타일링도 잘 되지 않아서 쓸까 말까 고민을 하고 있었습니다... 그러던 와중에 딸 아이가 친구가 이 제품을 쓰는데 정말 좋다고 해서 궁금해서 바로 구매를 하게 되었습니다!! 배송은 살짝 느려서 기다리다가 지칠 뻔했지만 받자마자 사용을 해봤는데 너무 좋았습니다!! 가장 좋았던 점은 머릿결이 촉촉해집니다...!! 뭐랄까 머리카락에 수분감이 꽉 차 있는 기분이라 정말 좋았던 것 같아요~ 딸 아이는 이 제품 쓰고 남자친구를 만나면 남자친구가 향이 정말 좋다고 해서 만족한다고 해요~^^ 촉촉한 머릿결을 원하시는 분들은 꼭 한 번 써보시길 추천합니다!! 저는 왜 이제야 이 제품을 알게 됐는지 싶네요~ 빨리 써 보세요!! 추천 합니다 ㅎㅎ,"['보습', '향']","[1, 1]"
머릿결이 부드럽고 향기도 오래가네요. 양도 많앗니 좋아요,"['향', '포장']","[1, 1]"
30대가 되니 기초케어에도 신경이 쓰이더라구요ㅠㅠ그래서 동생과 같이 구매하게 되었답니다 바로 OO OOO 단백질 크림입니다^^^ 개별구매는 비싼것 같아 세트를 구입해서 동생과 엄마와 같이 쓰기로 했어요 충분한 구성에 합리적인 가격도 너무 좋아서 뿌듯했네요 ㅋㅋ 케이스도 금색으로 너무 고급지더라구요 선물해도 될 만큼 있어 보였어요 ㅋ 단백질 알갱이가 톡톡 터지며 촉촉하게 흡수 되어 피부 속 깊이 수분과 단백질이 꽉 차는 것 같아요 ㅎㅎ 동생은 당김이 좀 있다고 하네요...보습력도 생각보다는 별로 라고 ....무튼 엄마와 나는 만족했어요 엄마는 주름에도 효과가 있는 것 같다고 하시네요 ㅋㅋ,"['보습', '가격']","[1, 0]"
유명 뷰티 인플루언서가 추천한 선크림이 특히 잘나가는 OO의 붉은기 진정 크림 OOO 크림을 사용해 봤어요. 먼저 고백할게요. 저는 얼굴에 붉은기가 원래 없어서 붉은기가 진정되는 효과는 알 수가 없었어요. 그러면서 왜 샀냐고 물으신다면... 싸기도 하고 OO 화장품이 궁금하기도 했거든요. 그런데 금액이 저렴한 데에는 다 그럴 만한 이유가 있나 봐요. 바르고 나서 멀쩡한 얼굴에 여드름이 올라왔네요. 아무래도 제품에 유분기가 많은 편이라서 그런가 봐요. 지성피부인 분들은 피하시는 게 좋겠어요. 오늘도 피해야 할 화장품 리스트에 +1 하고 저는 이만 총총...,"['보습', '가격']","[0, 1]"
정말 촉촉하고 간편하게 뿌리기에 좋은 거 같습니다^^~ 평생 쟁여놔야 할 것 같은 아이템이에요^^!!,['보습'],[1]
운전할 때 건조하기도 하고 주름이 신경 쓰여서 구입했어요. 며칠 써보고는 있는데 얼굴 당김이나 푸석함이 좋아지지는 않네요. 주름에도 좀 더 써봐야 효과는 알 수 있을 것 같아요. 얼굴이 땡글땡글 탄력있어 보이고 주름이 펴진듯해요 ...넘 좋아요 주머니에 넣어가지고 수시로 잘 바름,['보습'],[0]
쉐이빙젤은 비교적 오래 쓰는 편인데 쉐이빙폼 양이 많지 않아 얼마 못 쓸 것 같아요. 가격은 저렴했어요.,"['가격', '포장']","[1, 0]"
선물도 하고 저도 써봤습니다. 첫 향은 달달함이 강해서 별로지만 잔향은 좋은 거 같아요. 향이 처음에는 독한데 잔향이 적당히 달달해서 좋습니다.,['향'],[0]
사용해보니 너무좋아요~~ 얼굴에 뾰루지가 나서 손으로 잡아뜯은 상처에 퓨어크림바르니 깨끗해졌어요~ 너무좋아 재구매합니다^^,['보습'],[1]
바르니 주름이 옅어져 너무나 영 (즉 젊어보인다) 해보이네요 벌써 친구하테 자랑하면서 추천 했어요 피부가 좋아보인다니 계속 구입해 쓰고싶어요,['보습'],[1]
안녕하세요~ 오늘은 민감성이신 분들에게 토너 하나 추천해 드릴게요! 바로ㅇㅇㅇ 토너입니다! ㅇㅇ의 ㅇㅇㅇㅇㅇ 라인은 순하다고 잘 알려져 있는 만큼 이 제품은 따갑다거나 자극적이지 않아서 좋았어요ㅎㅎ 찾아보니 주의 성분 0개로 성분이 착하네요! 점성이 있는 제형이다기 보다는 주르륵 흘러내리는 물 토너라 손으로 바르는 것보다 토너팩으로 사용하거나 화장솜을 이용해서 바르는 것을 추천드릴게요! 물 토너이다 보니 건성 분들은 사용하실 때 건조함을 느끼실 거예요. 그럴 땐 여러번 레이어드 해 주시는 것을 추천드립니다! 민감성이신 분들은 이거 꼭 쟁여놓기~~,['보습'],[0]
지인의 추천으로 온라으로 저렴한 가격으로 구매를 했습니다. 며칠 사용해보고 후기 남깁니다. 개인적으로 좋아하는 향이라 상당히 만족하구요. 주변에서는 취향이 전혀 달라 향이 별로 안 좋다고 하는 지인이 있긴 합니다. 샘플이랑 제품구성도 만족스럽습니다.,"['가격', '향']","[1, 1]"
마침 쓰던 파우더가 떨어 지려는 참에 구매해서 처음으로 사용해봤는데 기대 이상으로 너무 좋습니다. 가격도 저렴하고 발림성이 너무 좋습니다. 이거 다 쓰면 재구매 해서 또 사용해보겠습니다.,['가격'],[1]
OOO 에센스는 처음으로 구매했습니다. 저렴한 가격으로 잘 샀습니다. 머리 감고 바르면 부스스한 머릿결이 차분해지는 느낌입니다. 잘 사용하겠습니다.,['가격'],[1]
지인이 추천해서 구매했습니다. 사용해보니 발이 깔끔하게 세정되고 개운해지는 느낌입니다. 제품이 마음에 들어 앞으로도 계속 사용할 예정입니다.,['보습'],[1]
땀나서 흘러내리는것도 없고 스틱이라 휴대성도 쉬워서 좋네요 또 구매할게요 ○○○는 화장품세트부터 좋은데 썬스틱도 괜찮네요 양이 작아 좀 아쉽네요,['포장'],[0]
가격이 비싸지만 군대 간 아들 사줬어요. 요즘 군에서도 피부관리를 많이 하고 인기 품목이라고 하네요. 스킨로션도 안 바르던 아들이 군에 가서 바르기 시작했습니다. 수분감이 조금 부족하다고 합니다. 그래도 너도나도 다 피부관리를 하니 같이 하게 되나 봅니다.,"['보습', '가격']","[0, 0]"
배송도 빠르고 가격도 저렴해서 좋은데 염색은 잘 안되는 듯하네요. 염색약도 손에 묻어나고 이틀 정도 물도 빠지네요.,['가격'],[1]
수년째 쓰고 있는데 역시 향이 좋습니다. 사은품도 엄청나게 이것저것 와서 놀랐습니다. 많이 판매하세요.,['향'],[1]
OO 향수 중에 이 향수가 베스트인 것 같아요. 남녀가 같이 쓰기도 좋고 여름에 쓰기에도 좋고 향이 너무 마음에 드네요.,['향'],[1]
OOO 로션을 발라봤더니 수분감 있고 이마의 좁쌀도 모두 들어갔어요.,['보습'],[1]
아는 지인이 OOO 써~ 보라해서 구입했지요 향기도 좋고 용량도 많으네요. 나이들면서 머리결이 부시시 했는데~ 좋은제품을 만나서 너무좋아요.다른분들도 써보세요.,"['향', '포장']","[1, 1]"
수분크림 저녁에 바르고 오전늦게 까지 촉촉하게 유지되고 적립금 활용 저렴한가격에 구매해서 잘사용하고있어요,"['보습', '가격']","[1, 1]"
잦은 손 소독제 사용으로 거칠어진 손을 조금이라도 살려보고자 구입했습니다. 묵직한 느낌의 크림으로 빨리 흡수되지는 않지만 꾸준히 바르니 피부가 좋아지는 게 느껴지네요.,['보습'],[1]
OO님이 개발에 참여 하신 거라 사기 전부터 정말 기대가 많았습니다~ 가격도 저렴한 편에 속해서 구매 했어요~~ 써 보고 너무 좋아서 긍정 후기 남기려고 왔습니다!!!! 다들 선크림 어떤 제품으로 사용하고 계시나요?? 아직 이 제품 안 써보셨으면 추천 드릴게요~ 무기자차 성분이 순해서 어떤 피부 타입에도 잘 맞는 제품인 것 같아요~ 발림성도 부드럽고 선크림 특유의 냄새가 심하지 않아서 좋은 것 같습니다 ㅎㅎㅎ 무엇보다 자외선 차단 효과가 뛰어나서 밖에 나갈 때 꼭 바르고 나가는 필수템인 것 같습니다~^^ 선크림 제품 찾으시면 이 제품 추천 해드릴게요~ 이 제품 바르시고 여름철 자외선 차단 하시고 피부 보호 하세요~ :),"['가격', '향']","[1, 1]"
배송도 빠르고 촉촉한 느낌이 오래 가서 피부가 자극없이 편하고 좋습니다,['보습'],[1]
너무 좋습니다. 혜택 모아서 저렴하게 구매했습니다. 색상도 잘 맞습니다. 마스크에 묻어나는 점은 아쉽습니다. 케이스가 너무 고급스러워요.,"['가격', '포장']","[1, 1]"
저는 자연스러운 거 좋아해서 화장도 연하게 자연스럽게 하는데요. 이 제품은 발색력이 저한테 살짝 과하게 느껴졌습니다. 색을 밝은 색을 사서 그럴 수 도 있겠지만 다른 제품이랑 비교해봤더니 제품 색상의 채도가 살짝 높게 나온거 같더라고요. 또 착색력도 뛰어나서 바르고 잘 안 지워지니 양 조절을 충분히 한 후에 소량만 발라야 적당히 발색됩니다. 틴트도 계속 바르면 건조해지는데 어쨋든 착색력이랑 지속력이 뛰어나서 좋게 생각하면 훌륭한 제품 이라고 생각합니다. 말 그대로 픽싱력이 좋으니 한번 테스트해보고 구매해보는 게 좋을 거 같아용!,['보습'],[0]
싼맛에 사용하고 있는데 ㅇㅇㅇ 팩치고는 수분감도 적고 밀착력도 떨어지고 기능을 제대로 못하네요. 팩 분리할때도 다른 팩에 비해 손이 많이 가서 사용하기 불편하네요. 딱히 수분충전되는 느낌이 없네요.,"['보습', '가격']","[0, 1]"
바르고 끈적여서 신경이 많이 쓰이고 피부가 좋아지지 않네요. 성분도 안 좋은 것 같고 용량도 아쉬워 재구매는 없습니다.,"['보습', '포장']","[0, 0]"
주름 관리가 쉽고 촉촉해서 아내가 너무 만족해 하네요. 처음에는 지인이 선물해 줘서 사용해 봤는데 만족도가 높아 OO쇼핑에서 구성 좋을때 추가구매 합니다.,['보습'],[1]
OOO에서 인터넷 보다 저렴하게 구입했어요. 한 개만 발라도 되니 편해서 좋아요. 다른 사람에게 추천하게 되네요.,['가격'],[1]
피부 좋은 직장후배의 추천으로 알게 된 OO OOO 크림팩!!! 이제품을 쓰고 나의 피부도 이렇게바뀔 수 있다는 것에 놀랬답니다 우후~~ 보통 팩하면 얼굴에 붙이고 나면 줄줄 흘러서 아무것도 못 하는데 콜라게 크림팩은 붙이고 마음껏 움직일 수 있어서 무엇보다 좋았구요 필오프 타입이라 잘 뜯어지지 않을까 걱정했는데 부드럽게 잘 뜯어지더라구요. ㅎㅎ 아니 그런데 떼고 나니 촉촉하고 윤기도 나면서 피부에 광이나는거예요 정말 너무 좋았어요 ^^ 다음날 화장도 잘 먹어서 저는 일주일에 2~3번씩 쓰고 있답니다 ㅋㅋ 계속 사용하려니 양이 적어서 부담이 되네요 ㅠㅠ 그래도 재구매 했어요 ㅋㅋ,"['보습', '포장']","[1, 0]"
향수 필요해서 찾아 보다가 이 제품 할인 해서 구매하게 되었는데 품질이 생각보다 좋지는 않네요!! 저는 사용하고 좋지 않아서 후기 작성합니다... 유통기한도 엄청 짧은 제품을 받아서 기분이 안 좋고 용기가 너무 무거워 좋지 않네요.... 향은 기대보다 좋지 않아서 아쉬운 것 같습니다.. 잔향도 살짝 너무 별로에요... 괜히 산 것 같다는 생각이 듭니다!! 가성비 없는 것 같아요! 이거 뿌리고 동생한테 물어보니까 향이 별로라고 하는 걸 보면 저만 그렇게 느끼는 게 아닌 것 같습니다...!! 추천 하고 싶지 않습니다! 저는 그냥 다른 향수 구입해서 사용하고 있네요~,"['가격', '향', '포장']","[0, 0, 0]"
시원하다길래 반신반의하면서 구매했어요 엄청 시원한건아니지만 그래도 시원한감은 있어요 톤업이되네요,"['보습', '보습']","[0, 1]"
꾸준히 애용하고 있습니다. 사용기한도 넉넉합니다. 특히 향이 은은하여 좋네요. 보습력도 좋고요. 단종 없이 오래 생산해 줬으면 좋겠습니다. 제가 써 본 중에 제일 좋은 바디로션이에요.,"['보습', '향', '포장']","[1, 1, 1]"
OO 자음 2종 기획 세트로 구매하면 구성품으로 여행용 작은 세트 4개가 들어있네요 여행갈 때 넣어가서 사용하기 좋습니다 순하고 제형도 부드럽습니다 향도 은은하고 좋습니다,['향'],[1]
